{"v":"5.9.6","fr":30,"ip":0,"op":60,"w":360,"h":360,"nm":"Composition 10","ddd":0,"assets":[],"layers":[{"ddd":0,"ind":1,"ty":4,"nm":"Calque de forme 1","sr":1,"ks":{"o":{"a":0,"k":100,"ix":11},"r":{"a":0,"k":0,"ix":10},"p":{"a":0,"k":[180,180,0],"ix":2,"l":2},"a":{"a":0,"k":[0,0,0],"ix":1,"l":2},"s":{"a":0,"k":[100,100,100],"ix":6,"l":2}},"ao":0,"sy":[{"c":{"a":0,"k":[0,0,0,1],"ix":2},"o":{"a":0,"k":49,"ix":3},"a":{"a":0,"k":120,"ix":5},"s":{"a":0,"k":32,"ix":8},"d":{"a":0,"k":0,"ix":6},"ch":{"a":0,"k":0,"ix":7},"bm":{"a":0,"k":5,"ix":1},"no":{"a":0,"k":0,"ix":9},"lc":{"a":0,"k":1,"ix":10},"ty":1,"nm":"Ombre portée"}],"shapes":[{"d":1,"ty":"el","s":{"a":0,"k":[100,100],"ix":2},"p":{"a":0,"k":[0,0],"ix":3},"nm":"Tracé d'ellipse 1","mn":"ADBE Vector Shape - Ellipse","hd":false},{"ty":"tm","s":{"a":1,"k":[{"i":{"x":[0.394],"y":[1]},"o":{"x":[0.604],"y":[0]},"t":7.5,"s":[0]},{"t":55,"s":[99]}],"ix":1},"e":{"a":1,"k":[{"i":{"x":[0.394],"y":[1]},"o":{"x":[0.604],"y":[0]},"t":0,"s":[1]},{"t":47.5,"s":[100]}],"ix":2},"o":{"a":1,"k":[{"i":{"x":[0.667],"y":[1]},"o":{"x":[0.333],"y":[0]},"t":0,"s":[0]},{"t":60,"s":[360]}],"ix":3},"m":1,"ix":2,"nm":"Réduire les tracés 1","mn":"ADBE Vector Filter - Trim","hd":false},{"ty":"st","c":{"a":0,"k":[1,1,1,1],"ix":3},"o":{"a":0,"k":100,"ix":4},"w":{"a":0,"k":21,"ix":5},"lc":2,"lj":1,"ml":4,"bm":0,"nm":"Contour 1","mn":"ADBE Vector Graphic - Stroke","hd":false}],"ip":0,"op":60,"st":0,"ct":1,"bm":0}],"markers":[]}