{"v":"4.8.0","meta":{"g":"LottieFiles AE 3.1.1","a":"","k":"","d":"","tc":""},"fr":30,"ip":0,"op":300,"w":1000,"h":1000,"nm":"Composition 1","ddd":0,"assets":[],"layers":[{"ddd":0,"ind":2,"ty":4,"nm":"Calque 1 Silhouettes 2","sr":1,"ks":{"o":{"a":0,"k":100,"ix":11},"r":{"a":1,"k":[{"i":{"x":[0.667],"y":[1]},"o":{"x":[0.167],"y":[0]},"t":0,"s":[0]},{"i":{"x":[0.667],"y":[1]},"o":{"x":[0.333],"y":[0]},"t":95,"s":[0]},{"i":{"x":[0.667],"y":[1]},"o":{"x":[0.333],"y":[0]},"t":115,"s":[-9]},{"i":{"x":[0.667],"y":[1]},"o":{"x":[0.333],"y":[0]},"t":136,"s":[9]},{"i":{"x":[0.833],"y":[1]},"o":{"x":[0.333],"y":[0]},"t":158,"s":[0]},{"t":297,"s":[0]}],"ix":10},"p":{"a":0,"k":[330.374,846.953,0],"ix":2},"a":{"a":0,"k":[368.426,931.275,0],"ix":1},"s":{"a":0,"k":[87.579,87.579,100],"ix":6}},"ao":0,"shapes":[{"ty":"gr","it":[{"ind":0,"ty":"sh","ix":1,"ks":{"a":0,"k":{"i":[[5.755,-14.276],[35.254,-60.304],[-102.734,105.592],[-44.221,72.219],[-12.877,21.439],[-31.897,53.612],[-63.407,56.273],[27.136,74.854],[18.171,-25.282],[22.205,-40.811],[37.793,-66.349],[14.787,-24.11]],"o":[[-35.776,61.213],[-20.134,36.913],[51.651,-66.701],[9.505,-21.423],[31.797,-54.827],[48.029,-94.35],[54.897,-60.191],[-43.357,-46.68],[-21.76,41.521],[-36.916,65.644],[-14.728,24.581],[-15.339,30.601]],"v":[[-73.796,129.457],[-167.982,286.936],[-131.082,377.031],[-8.897,181.958],[87.501,16.756],[183.799,-149.544],[279.603,-244.942],[328.008,-494.644],[240.501,-423.846],[172.501,-298.042],[56.7,-96.544],[13.5,-22.444]],"c":true},"ix":2},"nm":"Tracé 1","mn":"ADBE Vector Shape - Group","hd":false},{"ty":"mm","mm":4,"nm":"Fusionner les tracés 1","mn":"ADBE Vector Filter - Merge","hd":false},{"ty":"fl","c":{"a":0,"k":[0,0,0,1],"ix":4},"o":{"a":0,"k":100,"ix":5},"r":1,"bm":0,"nm":"Fond 1","mn":"ADBE Vector Graphic - Fill","hd":false},{"ty":"tr","p":{"a":0,"k":[557.677,541.575],"ix":2},"a":{"a":0,"k":[0,0],"ix":1},"s":{"a":0,"k":[100,100],"ix":3},"r":{"a":0,"k":0,"ix":6},"o":{"a":0,"k":100,"ix":7},"sk":{"a":0,"k":0,"ix":4},"sa":{"a":0,"k":0,"ix":5},"nm":"Transformer "}],"nm":"Groupe 1","np":3,"cix":2,"bm":0,"ix":1,"mn":"ADBE Vector Group","hd":false}],"ip":0,"op":300,"st":0,"bm":0},{"ddd":0,"ind":3,"ty":4,"nm":"Calque 1 Silhouettes","sr":1,"ks":{"o":{"a":0,"k":100,"ix":11},"r":{"a":1,"k":[{"i":{"x":[0.667],"y":[1]},"o":{"x":[0.167],"y":[0]},"t":0,"s":[0]},{"i":{"x":[0.667],"y":[1]},"o":{"x":[0.333],"y":[0]},"t":95,"s":[0]},{"i":{"x":[0.667],"y":[1]},"o":{"x":[0.333],"y":[0]},"t":115,"s":[9]},{"i":{"x":[0.667],"y":[1]},"o":{"x":[0.333],"y":[0]},"t":136,"s":[-9]},{"i":{"x":[0.833],"y":[1]},"o":{"x":[0.333],"y":[0]},"t":158,"s":[0]},{"t":297,"s":[0]}],"ix":10},"p":{"a":0,"k":[626.374,810.953,0],"ix":2},"a":{"a":0,"k":[706.407,890.169,0],"ix":1},"s":{"a":0,"k":[87.579,87.579,100],"ix":6}},"ao":0,"shapes":[{"ty":"gr","it":[{"ind":0,"ty":"sh","ix":1,"ks":{"a":0,"k":{"i":[[14.895,-7.646],[31.228,61.771],[22.695,37.423],[-4.611,-13.616],[-7.213,-23.682],[2.654,-16.136],[20.803,36.67],[12.535,0.428],[-7.415,-27.147],[-0.532,-25.619],[5.164,10.016],[25.631,29.539],[-10.038,-33.142],[-60.043,-38.202],[-14.926,-21.24],[-29.34,-49.179],[-8.443,-14.3],[-9.793,-17.089],[-32.477,-47.447],[29.861,42.018],[34.807,61.963],[15.223,25.853],[49.772,86.004],[4.576,21.135],[11.637,27.914]],"o":[[-7.656,10.527],[-19.908,-41.014],[-29.394,-45.309],[8.236,24.779],[3.633,15.292],[-26.724,-32.534],[-6.869,-9.568],[-3.288,34.643],[8.766,25.557],[-9.308,-5.893],[-20.466,-33.316],[-7.264,30.448],[23.879,73.179],[23.802,12.596],[26.858,47.005],[12.219,22.855],[10.147,17.628],[29.368,48.059],[50.857,72.58],[-33.914,-62.154],[-4.005,-9.378],[-49.428,-85.36],[-12.083,-16.946],[-7.214,-29.994],[-8.02,-15.848]],"v":[[-251.1,-504.244],[-222.899,-337.742],[-284.2,-470.544],[-288.498,-435.745],[-263.5,-360.744],[-249.397,-305.745],[-314.503,-427.742],[-343.198,-468.648],[-313.503,-364.141],[-285.996,-281.745],[-313.504,-329.544],[-374.896,-442.747],[-345.602,-318.943],[-222.198,-201.845],[-177.499,-141.544],[-89.201,11.056],[10.599,183.059],[40.6,235.256],[128.499,383.257],[168.299,292.257],[66.301,114.256],[-14.601,-25.746],[-160.6,-278.544],[-180.6,-355.245],[-208.5,-438.244]],"c":true},"ix":2},"nm":"Tracé 1","mn":"ADBE Vector Shape - Group","hd":false},{"ty":"mm","mm":4,"nm":"Fusionner les tracés 1","mn":"ADBE Vector Filter - Merge","hd":false},{"ty":"fl","c":{"a":0,"k":[0,0,0,1],"ix":4},"o":{"a":0,"k":100,"ix":5},"r":1,"bm":0,"nm":"Fond 1","mn":"ADBE Vector Graphic - Fill","hd":false},{"ty":"tr","p":{"a":0,"k":[557.677,541.575],"ix":2},"a":{"a":0,"k":[0,0],"ix":1},"s":{"a":0,"k":[100,100],"ix":3},"r":{"a":0,"k":0,"ix":6},"o":{"a":0,"k":100,"ix":7},"sk":{"a":0,"k":0,"ix":4},"sa":{"a":0,"k":0,"ix":5},"nm":"Transformer "}],"nm":"Groupe 1","np":3,"cix":2,"bm":0,"ix":1,"mn":"ADBE Vector Group","hd":false}],"ip":0,"op":300,"st":0,"bm":0},{"ddd":0,"ind":4,"ty":4,"nm":"bas droite 2","sr":1,"ks":{"o":{"a":0,"k":100,"ix":11},"r":{"a":0,"k":0,"ix":10},"p":{"a":0,"k":[486.374,490.953,0],"ix":2},"a":{"a":0,"k":[546.551,524.784,0],"ix":1},"s":{"a":0,"k":[87.579,87.579,100],"ix":6}},"ao":0,"hasMask":true,"masksProperties":[{"inv":false,"mode":"n","pt":{"a":0,"k":{"i":[[0,0],[-6,-12],[-64,8],[-6.03,8.224],[202,70],[0,0]],"o":[[0,0],[6,12],[94.345,-11.793],[22,-30],[-166.405,-57.665],[0,0]],"v":[[453.982,462.848],[677.982,828.848],[826.266,980.535],[997.089,875.117],[893.94,499.727],[725.925,485.217]],"c":false},"ix":1},"o":{"a":0,"k":100,"ix":3},"x":{"a":0,"k":0,"ix":4},"nm":"Masque 1"}],"ef":[{"ty":22,"nm":"Trait","np":13,"mn":"ADBE Stroke","ix":1,"en":1,"ef":[{"ty":10,"nm":"Chemin","mn":"ADBE Stroke-0001","ix":1,"v":{"a":0,"k":1,"ix":1}},{"ty":7,"nm":"Tous les masques","mn":"ADBE Stroke-0010","ix":2,"v":{"a":0,"k":1,"ix":2}},{"ty":7,"nm":"Contour séquentiel","mn":"ADBE Stroke-0011","ix":3,"v":{"a":0,"k":1,"ix":3}},{"ty":2,"nm":"Couleur","mn":"ADBE Stroke-0002","ix":4,"v":{"a":0,"k":[1,1,1,1],"ix":4}},{"ty":0,"nm":"Epaisseur","mn":"ADBE Stroke-0003","ix":5,"v":{"a":0,"k":47.6,"ix":5}},{"ty":0,"nm":"Dureté","mn":"ADBE Stroke-0004","ix":6,"v":{"a":0,"k":0.95,"ix":6}},{"ty":0,"nm":"Opacité","mn":"ADBE Stroke-0005","ix":7,"v":{"a":0,"k":1,"ix":7}},{"ty":0,"nm":"Début","mn":"ADBE Stroke-0008","ix":8,"v":{"a":0,"k":0,"ix":8}},{"ty":0,"nm":"Fin","mn":"ADBE Stroke-0009","ix":9,"v":{"a":1,"k":[{"i":{"x":[0.667],"y":[1]},"o":{"x":[0.612],"y":[0]},"t":25,"s":[100]},{"i":{"x":[0.667],"y":[1]},"o":{"x":[0.333],"y":[0]},"t":86,"s":[0]},{"i":{"x":[0.667],"y":[1]},"o":{"x":[0.167],"y":[0]},"t":174,"s":[0]},{"t":235,"s":[100]}],"ix":9}},{"ty":7,"nm":"Espacement","mn":"ADBE Stroke-0006","ix":10,"v":{"a":0,"k":15,"ix":10}},{"ty":7,"nm":"Style de peinture","mn":"ADBE Stroke-0007","ix":11,"v":{"a":0,"k":3,"ix":11}}]}],"shapes":[{"ty":"gr","it":[{"ty":"tm","s":{"a":0,"k":68,"ix":1},"e":{"a":0,"k":100,"ix":2},"o":{"a":0,"k":0,"ix":3},"m":2,"ix":1,"nm":"Réduire les tracés 1","mn":"ADBE Vector Filter - Trim","hd":false},{"ind":1,"ty":"sh","ix":2,"ks":{"a":0,"k":{"i":[[-29.34,-49.179],[-14.163,-23.153],[-8.443,-14.3],[-9.793,-17.089],[-32.477,-47.447],[-77.415,40.561],[-22.209,64.885],[160.742,32.303],[38.544,-43.968],[-3.042,-1.026],[-31.488,-5.703],[92.349,-134.924],[66.104,16.007],[29.861,42.018],[34.807,61.963],[15.223,25.853]],"o":[[12.219,22.855],[0.906,14.293],[10.147,17.628],[29.368,48.059],[50.857,72.58],[56.055,-37.268],[52.675,-151.965],[-57.807,-16.811],[-8.189,8.234],[32.382,-9.1],[161.397,25.125],[-36.381,46.521],[-53.755,-19.923],[-33.914,-62.154],[-4.005,-9.378],[-49.428,-85.36]],"v":[[-116.605,-33.475],[-49.401,80.057],[10.599,183.06],[40.6,235.257],[128.499,383.258],[354.302,442.656],[482.5,281.656],[278.497,-81.642],[123.1,-31.744],[150.502,-38.744],[258.5,-43.644],[418.498,316.259],[265.502,410.162],[168.299,292.257],[66.301,114.257],[-42.005,-70.277]],"c":true},"ix":2},"nm":"Tracé 1","mn":"ADBE Vector Shape - Group","hd":false},{"ty":"mm","mm":3,"nm":"Fusionner les tracés 1","mn":"ADBE Vector Filter - Merge","hd":false},{"ty":"fl","c":{"a":0,"k":[0,0,0,1],"ix":4},"o":{"a":0,"k":100,"ix":5},"r":1,"bm":0,"nm":"Fond 1","mn":"ADBE Vector Graphic - Fill","hd":false},{"ty":"tr","p":{"a":0,"k":[557.677,541.575],"ix":2},"a":{"a":0,"k":[0,0],"ix":1},"s":{"a":0,"k":[100,100],"ix":3},"r":{"a":0,"k":0,"ix":6},"o":{"a":0,"k":100,"ix":7},"sk":{"a":0,"k":0,"ix":4},"sa":{"a":0,"k":0,"ix":5},"nm":"Transformer "}],"nm":"Groupe 1","np":4,"cix":2,"bm":0,"ix":1,"mn":"ADBE Vector Group","hd":false}],"ip":0,"op":300,"st":0,"bm":0},{"ddd":0,"ind":5,"ty":4,"nm":"bas gauche","sr":1,"ks":{"o":{"a":0,"k":100,"ix":11},"r":{"a":0,"k":0,"ix":10},"p":{"a":0,"k":[486.374,490.953,0],"ix":2},"a":{"a":0,"k":[546.551,524.784,0],"ix":1},"s":{"a":0,"k":[87.579,87.579,100],"ix":6}},"ao":0,"hasMask":true,"masksProperties":[{"inv":false,"mode":"n","pt":{"a":0,"k":{"i":[[0,0],[-6,-12],[62.699,-15.128],[4.566,9.119],[-30.975,105.618],[0,0]],"o":[[0,0],[6,12],[-56.343,13.594],[-49.04,-97.935],[80.371,-274.049],[0,0]],"v":[[652.661,462.848],[435.914,835.699],[298.741,973.684],[145.283,913.939],[91.233,676.711],[413.063,492.068]],"c":false},"ix":1},"o":{"a":0,"k":100,"ix":3},"x":{"a":0,"k":0,"ix":4},"nm":"Masque 1"}],"ef":[{"ty":22,"nm":"Trait","np":13,"mn":"ADBE Stroke","ix":1,"en":1,"ef":[{"ty":10,"nm":"Chemin","mn":"ADBE Stroke-0001","ix":1,"v":{"a":0,"k":0,"ix":1}},{"ty":7,"nm":"Tous les masques","mn":"ADBE Stroke-0010","ix":2,"v":{"a":0,"k":1,"ix":2}},{"ty":7,"nm":"Contour séquentiel","mn":"ADBE Stroke-0011","ix":3,"v":{"a":0,"k":1,"ix":3}},{"ty":2,"nm":"Couleur","mn":"ADBE Stroke-0002","ix":4,"v":{"a":0,"k":[1,1,1,1],"ix":4}},{"ty":0,"nm":"Epaisseur","mn":"ADBE Stroke-0003","ix":5,"v":{"a":0,"k":47.6,"ix":5}},{"ty":0,"nm":"Dureté","mn":"ADBE Stroke-0004","ix":6,"v":{"a":0,"k":0.95,"ix":6}},{"ty":0,"nm":"Opacité","mn":"ADBE Stroke-0005","ix":7,"v":{"a":0,"k":1,"ix":7}},{"ty":0,"nm":"Début","mn":"ADBE Stroke-0008","ix":8,"v":{"a":0,"k":0,"ix":8}},{"ty":0,"nm":"Fin","mn":"ADBE Stroke-0009","ix":9,"v":{"a":1,"k":[{"i":{"x":[0.667],"y":[1]},"o":{"x":[0.612],"y":[0]},"t":25,"s":[100]},{"i":{"x":[0.667],"y":[1]},"o":{"x":[0.167],"y":[0]},"t":86,"s":[0]},{"i":{"x":[0.833],"y":[1]},"o":{"x":[0.167],"y":[0]},"t":174,"s":[0]},{"t":235,"s":[100]}],"ix":9}},{"ty":7,"nm":"Espacement","mn":"ADBE Stroke-0006","ix":10,"v":{"a":0,"k":15,"ix":10}},{"ty":7,"nm":"Style de peinture","mn":"ADBE Stroke-0007","ix":11,"v":{"a":0,"k":3,"ix":11}}]}],"shapes":[{"ty":"gr","it":[{"ind":0,"ty":"sh","ix":1,"ks":{"a":0,"k":{"i":[[5.755,-14.276],[35.254,-60.304],[40.064,-17.65],[25.695,24.248],[-234.253,-67.069],[14.679,5.179],[47.937,-23.426],[-89.49,-135.931],[-102.734,105.592],[-44.221,72.219],[0.977,10.415],[-12.877,21.439],[37.793,-66.349],[14.787,-24.11]],"o":[[-35.776,61.213],[-20.134,36.913],[-41.916,15.4],[-168.925,-175.993],[52.126,21.812],[-49.782,-25.463],[-147.675,65.108],[68.531,113.533],[51.651,-66.701],[9.505,-21.423],[13.71,-21.795],[31.797,-54.827],[-14.728,24.581],[-15.339,30.601]],"v":[[-73.796,129.457],[-179.4,312.056],[-266.002,413.254],[-388.502,354.861],[-146.998,-37.741],[-179.499,-72.744],[-336.5,-61.843],[-454.496,339.858],[-142.5,402.151],[-8.897,181.958],[49.498,81.757],[120.614,-40.335],[56.7,-96.544],[13.5,-22.444]],"c":true},"ix":2},"nm":"Tracé 1","mn":"ADBE Vector Shape - Group","hd":false},{"ty":"mm","mm":4,"nm":"Fusionner les tracés 1","mn":"ADBE Vector Filter - Merge","hd":false},{"ty":"fl","c":{"a":0,"k":[0,0,0,1],"ix":4},"o":{"a":0,"k":100,"ix":5},"r":1,"bm":0,"nm":"Fond 1","mn":"ADBE Vector Graphic - Fill","hd":false},{"ty":"tr","p":{"a":0,"k":[557.677,541.575],"ix":2},"a":{"a":0,"k":[0,0],"ix":1},"s":{"a":0,"k":[100,100],"ix":3},"r":{"a":0,"k":0,"ix":6},"o":{"a":0,"k":100,"ix":7},"sk":{"a":0,"k":0,"ix":4},"sa":{"a":0,"k":0,"ix":5},"nm":"Transformer "}],"nm":"Groupe 1","np":3,"cix":2,"bm":0,"ix":1,"mn":"ADBE Vector Group","hd":false}],"ip":0,"op":300,"st":0,"bm":0}],"markers":[]}